Metric,Value
Average Store Conversion,50.30368415640425
Top Store Conversion,63.87203596036625
Bottom Store Conversion,36.95042869141492
Average SKU Conversion,50.3563288838382
Top SKU Conversion,55.51934009093336
Bottom SKU Conversion,44.44192176457357
